version,roc_auc,pr_auc,brier,ece,precision_at_top10pct,default_capture_at_top10pct,mae
M1 Calibrated Logistic Regression,0.6916848941605034,0.3321506387765341,0.1387637654346451,0.0214652429052206,0.3916666666666666,0.214123006833713,0.2815145403541551
