policy,months_tested,avg_event_rate,avg_roc_auc,avg_pr_auc,avg_brier,retrain_events,max_feature_psi
drift_triggered,6,0.09050000000000001,0.9484065501141719,0.9006622439995488,0.033125930780111786,6,13.744940095369898
quarterly_retrain,6,0.09050000000000001,0.9481968042409846,0.9005986188672409,0.03377092758927547,2,13.664009149370674
static_model,6,0.09050000000000001,0.9484682509107824,0.9007469595829245,0.03520917591398183,1,13.664009149370674
