quarter,synthetic_dq30_plus_pct,fred_delinquency_rate_pct,delinquency_alignment_abs_error,synthetic_chargeoff_proxy_pct,fred_chargeoff_rate_pct,chargeoff_alignment_abs_error,synthetic_avg_utilization,phillyfed_avg_utilization_rate,synthetic_payment_rate,phillyfed_payment_rate
2024Q1,3.0767,2.88,0.1967,4.6892,4.05,0.6392,0.3049,0.2418999237368151,0.2761,0.2792619786256002
2024Q2,3.0767,2.98,0.0967,4.461,4.35,0.111,0.3409,0.2337910066011282,0.269,0.2771334099032295
2024Q3,3.0667,3.08,0.0133,4.4294,4.55,0.1206,0.3829,0.2354510290837138,0.262,0.275874754386916
2024Q4,3.0867,3.12,0.0333,4.4407,4.62,0.1793,0.4271,0.2363282424203418,0.256,0.276819048445126
2025Q1,3.4433,3.06,0.3833,4.456,4.46,0.004,0.4706,0.2441305843569686,0.2513,0.2725610488617654
2025Q2,3.91,3.04,0.87,4.4702,4.21,0.2602,0.5098,0.2482658891708835,0.2473,0.2727156542522875
2025Q3,4.04,2.98,1.06,4.4778,4.15,0.3278,0.5447,0.2453775435027138,0.2437,0.2686036496112888
2025Q4,4.1033,2.94,1.1633,4.4929,4.07,0.4229,0.5757,0.2445560407588165,0.2404,0.2678231442614266
2026Q1,4.1,2.92,1.18,4.5008,3.84,0.6608,0.5978,0.246702075137235,0.2378,0.2675251529033541
