capacity_rate,base_threshold,corrected_threshold,stress_threshold,inflated_pool_size,target_review_size
0.05,0.9330091842247432,0.9330091842247432,0.9330091842247432,520,500
0.1,0.0020432892204614,0.0020432892204614,0.118055797733217,3485,1000
0.15,0.0020432892204614,0.0020432892204614,0.0820432892204614,3485,1500
0.2,0.0020432892204614,0.0020432892204614,0.052043289220461406,3485,2000
0.3,0.0015253348586681,0.0015253348586681,0.0320432892204614,5458,3000
