risk_decile,accounts,observed_default_rate,avg_predicted_pd
1,240,0.058333333333333334,0.07363070014683072
2,240,0.10416666666666667,0.09460701159614048
3,240,0.11666666666666667,0.11462331424241881
4,240,0.0875,0.1326803170761342
5,240,0.12083333333333333,0.1538395307327312
6,240,0.17083333333333334,0.17689300711418288
7,240,0.19166666666666668,0.20453530529313171
8,240,0.275,0.23909484748321747
9,240,0.3125,0.28478957586162185
10,240,0.39166666666666666,0.39077007689213966
